label,count,proportion
0,1676046,0.8311085920682879
1,138277,0.06856804812363541
2,102411,0.05078301074213084
3,72555,0.035978179535355606
4,8229,0.004080551848893134
5,4745,0.0023529248417788213
6,4308,0.0021362276540322785
7,4182,0.002073747458022978
8,2575,0.0012768770216186438
9,1558,0.0007725725824007172
10,1176,0.0005831484960868058
11,522,0.00025884652632424544
12,29,1.4380362573569192e-05
13,17,8.42986771554056e-06
14,9,4.462871143521473e-06
