label,count,proportion
0,1700900,0.6113201877988268
1,460291,0.1654331122124227
2,159089,0.05717815118862223
3,116159,0.04174868698602147
4,115628,0.04155784036380901
5,111820,0.04018920771336634
6,75238,0.02704127714128293
7,33125,0.011905450773611699
8,7926,0.002848682349634606
9,1384,0.0004974232111902971
10,444,0.00015957796659573116
11,182,6.541258991086277e-05
12,67,2.40804589232297e-05
13,44,1.5814032725703086e-05
14,42,1.5095213056352946e-05
