label,count,proportion
0,425225,0.6113182103748345
1,115073,0.16543293649823818
2,39772,0.05717760682703961
3,29040,0.041748911351132206
4,28907,0.041557705937575025
5,27955,0.04018907771421835
6,18810,0.027041908488801544
7,8281,0.011905052854639319
8,1982,0.002849391952408541
9,346,0.0004974216021863549
10,111,0.00015957745041238552
11,46,6.6131195666394e-05
12,17,2.443978970279778e-05
13,11,1.5813981572398563e-05
14,11,1.5813981572398563e-05
