label,count,proportion
0,419011,0.8311088366963597
1,34569,0.06856765425193243
2,25603,0.050783582163563476
3,18139,0.03597872893273749
4,2057,0.004080062043918684
5,1186,0.002352432466741643
6,1077,0.002136230831939924
7,1046,0.00207474229360182
8,644,0.0012773747964431857
9,390,0.0007735654823180782
10,294,0.0005831493635936282
11,130,0.0002578551607726927
12,7,1.3884508656991147e-05
13,4,7.934004946852085e-06
14,2,3.967002473426043e-06
